id,action,user_auth_token_id,client_ip,auth_token_hash,created_at,path,user_agent
615539,rotate,17866,50.83.78.7,hBRfc...,2022-02-26 18:43:01 UTC,/manifest.webmanifest,"Mozilla/5.0 (iPhone; CPU iPhone OS 15_4 like Mac OS X) AppleWebKit/605.1.15 (KHTML, like Gecko) Version/15.4 Mobile/15E148 Safari/604.1"
600579,rotate,17845,50.83.78.7,2/eDF...,2021-12-19 18:14:08 UTC,/t/using-drafts-templates/3728,"Mozilla/5.0 (Windows NT 10.0; Win64; x64) AppleWebKit/537.36 (KHTML, like Gecko) Chrome/100.0.4758.10 Safari/537.36"
600700,rotate,17864,104.28.103.121,gQcan...,2021-12-20 05:06:45 UTC,/t/tip-insert-result-of-a-shortcuts-app-shortcut-in-current-draft/2666,"Mozilla/5.0 (Macintosh; Intel Mac OS X 10_15_7) AppleWebKit/605.1.15 (KHTML, like Gecko) Version/15.2 Safari/605.1.15"
574610,rotate,17038,107.117.168.102,g0WYv...,2021-09-24 00:59:05 UTC,/t/using-drafts-with-obsidian/11221,"Mozilla/5.0 (iPhone; CPU iPhone OS 15_0 like Mac OS X) AppleWebKit/605.1.15 (KHTML, like Gecko) Version/15.0 Mobile/15E148 Safari/604.1"
574611,seen token,17038,107.117.168.102,g0WYv...,2021-09-24 00:59:06 UTC,/message-bus/8f75ea5c10fc4065bed6b0b8d7f11617/poll,"Mozilla/5.0 (iPhone; CPU iPhone OS 15_0 like Mac OS X) AppleWebKit/605.1.15 (KHTML, like Gecko) Version/15.0 Mobile/15E148 Safari/604.1"
574614,generate,17044,107.117.168.102,s6IF5...,2021-09-24 01:19:29 UTC,/auth/twitter/callback,"Mozilla/5.0 (iPhone; CPU iPhone OS 15_0 like Mac OS X) AppleWebKit/605.1.15 (KHTML, like Gecko) Version/15.0 Mobile/15E148 Safari/605.1.15 Command/3.9.0"
574615,seen token,17044,107.117.168.102,s6IF5...,2021-09-24 01:19:29 UTC,/,"Mozilla/5.0 (iPhone; CPU iPhone OS 15_0 like Mac OS X) AppleWebKit/605.1.15 (KHTML, like Gecko) Version/15.0 Mobile/15E148 Safari/605.1.15 Command/3.9.0"
600722,rotate,17864,172.225.25.49,O+plo...,2021-12-20 09:20:49 UTC,/t/tip-publish-a-workspace-to-files-with-shortcuts/11445,"Mozilla/5.0 (Macintosh; Intel Mac OS X 10_15_7) AppleWebKit/605.1.15 (KHTML, like Gecko) Version/15.2 Safari/605.1.15"
600628,rotate,17864,104.28.104.118,zA3+4...,2021-12-19 22:04:47 UTC,/t/using-drafts-templates/3728,"Mozilla/5.0 (Macintosh; Intel Mac OS X 10_15_7) AppleWebKit/605.1.15 (KHTML, like Gecko) Version/15.2 Safari/605.1.15"
600644,rotate,17864,104.28.103.118,MSJgK...,2021-12-19 23:10:49 UTC,/t/using-drafts-templates/3728,"Mozilla/5.0 (Macintosh; Intel Mac OS X 10_15_7) AppleWebKit/605.1.15 (KHTML, like Gecko) Version/15.2 Safari/605.1.15"
574731,rotate,17044,50.83.78.7,c/4Pl...,2021-09-24 08:11:31 UTC,/u/blue/summary,"Mozilla/5.0 (iPhone; CPU iPhone OS 15_0 like Mac OS X) AppleWebKit/605.1.15 (KHTML, like Gecko) Version/15.0 Mobile/15E148 Safari/605.1.15 Command/3.9.0"
574732,seen token,17044,50.83.78.7,c/4Pl...,2021-09-24 08:11:31 UTC,/u/Blue.json,"Mozilla/5.0 (iPhone; CPU iPhone OS 15_0 like Mac OS X) AppleWebKit/605.1.15 (KHTML, like Gecko) Version/15.0 Mobile/15E148 Safari/605.1.15 Command/3.9.0"
574765,rotate,17038,50.83.78.7,SCDzn...,2021-09-24 10:39:18 UTC,/t/using-drafts-with-obsidian/11221,"Mozilla/5.0 (iPhone; CPU iPhone OS 15_0 like Mac OS X) AppleWebKit/605.1.15 (KHTML, like Gecko) Version/15.0 Mobile/15E148 Safari/604.1"
574766,seen token,17038,50.83.78.7,SCDzn...,2021-09-24 10:39:19 UTC,/message-bus/239c38d70eaf4d41b163b552a558b6f6/poll,"Mozilla/5.0 (iPhone; CPU iPhone OS 15_0 like Mac OS X) AppleWebKit/605.1.15 (KHTML, like Gecko) Version/15.0 Mobile/15E148 Safari/604.1"
565569,rotate,14511,172.225.204.101,n8t0i...,2021-09-05 13:42:15 UTC,/user_avatar/forums.getdrafts.com/blue/96/4923_2.png,"Mozilla/5.0 (iPhone; CPU iPhone OS 15_0 like Mac OS X) AppleWebKit/605.1.15 (KHTML, like Gecko) Version/15.0 Mobile/15E148 Safari/604.1"
606179,rotate,17864,104.28.103.118,PuNc2...,2022-01-15 04:13:14 UTC,/letter_avatar_proxy/v4/letter/a/ba8739/25.png,"Mozilla/5.0 (Macintosh; Intel Mac OS X 10_15_7) AppleWebKit/605.1.15 (KHTML, like Gecko) Version/15.2 Safari/605.1.15"
606180,rotate,17864,104.28.103.118,eeTDZ...,2022-01-15 04:14:33 UTC,/topics/timings,"Mozilla/5.0 (Macintosh; Intel Mac OS X 10_15_7) AppleWebKit/605.1.15 (KHTML, like Gecko) Version/15.2 Safari/605.1.15"
606181,rotate,17864,104.28.103.118,E8OZe...,2022-01-15 04:15:46 UTC,/topics/timings,"Mozilla/5.0 (Macintosh; Intel Mac OS X 10_15_7) AppleWebKit/605.1.15 (KHTML, like Gecko) Version/15.2 Safari/605.1.15"
560784,rotate,14511,104.166.200.131,IQSqc...,2021-08-23 14:05:03 UTC,/t/does-keyboard-shortcuts-cheatsheet-exists/8503,"Mozilla/5.0 (iPhone; CPU iPhone OS 15_0 like Mac OS X) AppleWebKit/605.1.15 (KHTML, like Gecko) Version/15.0 Mobile/15E148 Safari/604.1"
560785,seen token,14511,104.166.200.131,IQSqc...,2021-08-23 14:05:05 UTC,/user_avatar/forums.getdrafts.com/blue/96/4923_2.png,"Mozilla/5.0 (iPhone; CPU iPhone OS 15_0 like Mac OS X) AppleWebKit/605.1.15 (KHTML, like Gecko) Version/15.0 Mobile/15E148 Safari/604.1"
560786,seen token,14511,104.166.200.131,IQSqc...,2021-08-23 14:05:05 UTC,/letter_avatar_proxy/v4/letter/z/bbce88/60.png,"Mozilla/5.0 (iPhone; CPU iPhone OS 15_0 like Mac OS X) AppleWebKit/605.1.15 (KHTML, like Gecko) Version/15.0 Mobile/15E148 Safari/604.1"
560787,seen token,14511,104.166.200.131,IQSqc...,2021-08-23 14:05:05 UTC,/user_avatar/forums.getdrafts.com/xrch/135/3900_2.png,"Mozilla/5.0 (iPhone; CPU iPhone OS 15_0 like Mac OS X) AppleWebKit/605.1.15 (KHTML, like Gecko) Version/15.0 Mobile/15E148 Safari/604.1"
614057,rotate,17866,50.83.78.7,kGJCM...,2022-02-20 12:36:10 UTC,/manifest.webmanifest,"Mozilla/5.0 (iPhone; CPU iPhone OS 15_4 like Mac OS X) AppleWebKit/605.1.15 (KHTML, like Gecko) Version/15.4 Mobile/15E148 Safari/604.1"
600929,rotate,17864,172.225.25.48,wwdRD...,2021-12-21 11:58:40 UTC,/t/7339.json,"Mozilla/5.0 (Macintosh; Intel Mac OS X 10_15_7) AppleWebKit/605.1.15 (KHTML, like Gecko) Version/15.2 Safari/605.1.15"
614071,rotate,17866,50.83.78.7,iDBFW...,2022-02-20 14:33:27 UTC,/manifest.webmanifest,"Mozilla/5.0 (iPhone; CPU iPhone OS 15_4 like Mac OS X) AppleWebKit/605.1.15 (KHTML, like Gecko) Version/15.4 Mobile/15E148 Safari/604.1"
614077,rotate,17866,50.83.78.7,ZPBBe...,2022-02-20 14:54:09 UTC,/search,"Mozilla/5.0 (iPhone; CPU iPhone OS 15_4 like Mac OS X) AppleWebKit/605.1.15 (KHTML, like Gecko) Version/15.4 Mobile/15E148 Safari/604.1"
606229,rotate,17864,104.28.104.118,g+RDc...,2022-01-15 10:51:35 UTC,/user_avatar/forums.getdrafts.com/thegoose84/25/4975_2.png,"Mozilla/5.0 (Macintosh; Intel Mac OS X 10_15_7) AppleWebKit/605.1.15 (KHTML, like Gecko) Version/15.2 Safari/605.1.15"
614086,rotate,17866,50.83.78.7,c9mJh...,2022-02-20 15:23:57 UTC,/t/files-step-is-causing-errors/6029,"Mozilla/5.0 (iPhone; CPU iPhone OS 15_4 like Mac OS X) AppleWebKit/605.1.15 (KHTML, like Gecko) Version/15.4 Mobile/15E148 Safari/604.1"
606232,rotate,17864,104.28.104.118,RJnL5...,2022-01-15 10:55:40 UTC,/drafts/new_topic.json,"Mozilla/5.0 (Macintosh; Intel Mac OS X 10_15_7) AppleWebKit/605.1.15 (KHTML, like Gecko) Version/15.2 Safari/605.1.15"
606234,rotate,17864,104.28.104.118,VXPCE...,2022-01-15 11:19:41 UTC,/t/11933/1.json,"Mozilla/5.0 (Macintosh; Intel Mac OS X 10_15_7) AppleWebKit/605.1.15 (KHTML, like Gecko) Version/15.2 Safari/605.1.15"
608569,rotate,17864,50.83.78.7,anOiJ...,2022-01-25 04:45:54 UTC,/user_avatar/forums.getdrafts.com/blue/64/4923_2.png,"Mozilla/5.0 (Macintosh; Intel Mac OS X 10_15_7) AppleWebKit/605.1.15 (KHTML, like Gecko) Version/15.2 Safari/605.1.15"
608574,rotate,17864,50.83.78.7,Kj4Ha...,2022-01-25 05:56:23 UTC,/c/actions-sharing/9/l/latest.json,"Mozilla/5.0 (Macintosh; Intel Mac OS X 10_15_7) AppleWebKit/605.1.15 (KHTML, like Gecko) Version/15.2 Safari/605.1.15"
608576,rotate,17864,50.83.78.7,8SlNa...,2022-01-25 06:06:54 UTC,/topics/timings,"Mozilla/5.0 (Macintosh; Intel Mac OS X 10_15_7) AppleWebKit/605.1.15 (KHTML, like Gecko) Version/15.2 Safari/605.1.15"
608578,rotate,17864,50.83.78.7,pC7Dm...,2022-01-25 06:14:17 UTC,/topics/timings,"Mozilla/5.0 (Macintosh; Intel Mac OS X 10_15_7) AppleWebKit/605.1.15 (KHTML, like Gecko) Version/15.2 Safari/605.1.15"
608579,rotate,17864,50.83.78.7,7VXrS...,2022-01-25 06:15:17 UTC,/topics/timings,"Mozilla/5.0 (Macintosh; Intel Mac OS X 10_15_7) AppleWebKit/605.1.15 (KHTML, like Gecko) Version/15.2 Safari/605.1.15"
578649,rotate,17038,107.117.168.183,o3cOh...,2021-10-02 16:31:30 UTC,/t/drafts-28-1-released-bug-fixes/11274,"Mozilla/5.0 (iPhone; CPU iPhone OS 15_1 like Mac OS X) AppleWebKit/605.1.15 (KHTML, like Gecko) Version/15.0 Mobile/15E148 Safari/604.1"
578650,seen token,17038,107.117.168.183,o3cOh...,2021-10-02 16:31:31 UTC,/message-bus/72208c66d1284ca18a356a6ed6906619/poll,"Mozilla/5.0 (iPhone; CPU iPhone OS 15_1 like Mac OS X) AppleWebKit/605.1.15 (KHTML, like Gecko) Version/15.0 Mobile/15E148 Safari/604.1"
614113,rotate,17866,50.83.78.7,tmLPN...,2022-02-20 17:01:08 UTC,/manifest.webmanifest,"Mozilla/5.0 (iPhone; CPU iPhone OS 15_4 like Mac OS X) AppleWebKit/605.1.15 (KHTML, like Gecko) Version/15.4 Mobile/15E148 Safari/604.1"
608617,rotate,17864,50.83.78.7,q3b0s...,2022-01-25 09:27:18 UTC,/t/toc-auto-table-of-contents-in-multimarkdown/6283,"Mozilla/5.0 (Macintosh; Intel Mac OS X 10_15_7) AppleWebKit/605.1.15 (KHTML, like Gecko) Version/15.2 Safari/605.1.15"
578682,rotate,17038,107.117.168.183,9hbu9...,2021-10-02 17:55:23 UTC,/t/share-as-markdown-file-drafts-action-directory/4309,"Mozilla/5.0 (iPhone; CPU iPhone OS 15_1 like Mac OS X) AppleWebKit/605.1.15 (KHTML, like Gecko) Version/15.0 Mobile/15E148 Safari/604.1"
578683,seen token,17038,107.117.168.183,9hbu9...,2021-10-02 17:55:24 UTC,/user_avatar/forums.getdrafts.com/actiondirectory/135/550_2.png,"Mozilla/5.0 (iPhone; CPU iPhone OS 15_1 like Mac OS X) AppleWebKit/605.1.15 (KHTML, like Gecko) Version/15.0 Mobile/15E148 Safari/604.1"
606310,rotate,17864,104.28.104.121,TpVOi...,2022-01-15 17:44:05 UTC,/notifications,"Mozilla/5.0 (Macintosh; Intel Mac OS X 10_15_7) AppleWebKit/605.1.15 (KHTML, like Gecko) Version/15.2 Safari/605.1.15"
589605,generate,17466,104.28.103.28,pCqui...,2021-11-01 05:06:47 UTC,/auth/twitter/callback,"Mozilla/5.0 (iPhone; CPU iPhone OS 15_1 like Mac OS X) AppleWebKit/605.1.15 (KHTML, like Gecko) Version/15.1 Mobile/15E148 Safari/604.1"
589610,rotate,17466,104.28.104.24,nbtmm...,2021-11-01 05:17:34 UTC,/topics/timings,"Mozilla/5.0 (iPhone; CPU iPhone OS 15_1 like Mac OS X) AppleWebKit/605.1.15 (KHTML, like Gecko) Version/15.1 Mobile/15E148 Safari/604.1"
589611,generate,17467,50.83.78.7,DSpq0...,2021-11-01 05:18:56 UTC,/auth/twitter/callback,"Mozilla/5.0 (Windows NT 10.0; Win64; x64) AppleWebKit/537.36 (KHTML, like Gecko) Chrome/95.0.4638.54 Safari/537.36"
589612,rotate,17466,104.28.104.24,FjkyF...,2021-11-01 05:19:12 UTC,/clicks/track,"Mozilla/5.0 (iPhone; CPU iPhone OS 15_1 like Mac OS X) AppleWebKit/605.1.15 (KHTML, like Gecko) Version/15.1 Mobile/15E148 Safari/604.1"
589613,rotate,17467,50.83.78.7,nStEn...,2021-11-01 05:35:27 UTC,/topics/timings,"Mozilla/5.0 (Windows NT 10.0; Win64; x64) AppleWebKit/537.36 (KHTML, like Gecko) Chrome/95.0.4638.54 Safari/537.36"
589614,rotate,17466,172.225.20.48,fidR6...,2021-11-01 05:45:34 UTC,/t/using-drafts-with-obsidian/11221,"Mozilla/5.0 (iPhone; CPU iPhone OS 15_1 like Mac OS X) AppleWebKit/605.1.15 (KHTML, like Gecko) Version/15.1 Mobile/15E148 Safari/604.1"
589617,rotate,17466,172.225.20.54,dKttQ...,2021-11-01 06:05:24 UTC,/drafts.json,"Mozilla/5.0 (iPhone; CPU iPhone OS 15_1 like Mac OS X) AppleWebKit/605.1.15 (KHTML, like Gecko) Version/15.1 Mobile/15E148 Safari/604.1"
589619,rotate,17467,50.83.78.7,tP+i6...,2021-11-01 06:08:54 UTC,/notifications,"Mozilla/5.0 (Windows NT 10.0; Win64; x64) AppleWebKit/537.36 (KHTML, like Gecko) Chrome/95.0.4638.54 Safari/537.36"
589620,rotate,17466,172.225.20.16,J/lVQ...,2021-11-01 06:17:08 UTC,/topics/timings,"Mozilla/5.0 (iPhone; CPU iPhone OS 15_1 like Mac OS X) AppleWebKit/605.1.15 (KHTML, like Gecko) Version/15.1 Mobile/15E148 Safari/604.1"
589621,rotate,17466,172.225.20.13,jk3iC...,2021-11-01 06:18:09 UTC,/topics/timings,"Mozilla/5.0 (iPhone; CPU iPhone OS 15_1 like Mac OS X) AppleWebKit/605.1.15 (KHTML, like Gecko) Version/15.1 Mobile/15E148 Safari/604.1"
612328,rotate,17864,50.83.78.7,7XGKs...,2022-02-13 09:09:29 UTC,/t/using-twitter-with-drafts/109,"Mozilla/5.0 (Macintosh; Intel Mac OS X 10_15_7) AppleWebKit/605.1.15 (KHTML, like Gecko) Version/15.3 Safari/605.1.15"
612330,rotate,17864,50.83.78.7,dV1uc...,2022-02-13 09:19:56 UTC,/topics/timings,"Mozilla/5.0 (Macintosh; Intel Mac OS X 10_15_7) AppleWebKit/605.1.15 (KHTML, like Gecko) Version/15.3 Safari/605.1.15"
612331,rotate,17864,50.83.78.7,tE0pn...,2022-02-13 09:20:57 UTC,/topics/timings,"Mozilla/5.0 (Macintosh; Intel Mac OS X 10_15_7) AppleWebKit/605.1.15 (KHTML, like Gecko) Version/15.3 Safari/605.1.15"
612333,rotate,17864,50.83.78.7,68i9w...,2022-02-13 09:26:47 UTC,/notifications,"Mozilla/5.0 (Macintosh; Intel Mac OS X 10_15_7) AppleWebKit/605.1.15 (KHTML, like Gecko) Version/15.3 Safari/605.1.15"
614139,rotate,17866,50.83.78.7,S1R2C...,2022-02-20 20:08:22 UTC,/t/posting-to-mastodon-from-drafts-native-action-service/12089/3,"Mozilla/5.0 (iPhone; CPU iPhone OS 15_4 like Mac OS X) AppleWebKit/605.1.15 (KHTML, like Gecko) Version/15.4 Mobile/15E148 Safari/604.1"
601130,rotate,17864,172.225.25.48,MBzPj...,2021-12-22 07:51:31 UTC,/t/using-twitter-with-drafts/109,"Mozilla/5.0 (Macintosh; Intel Mac OS X 10_15_7) AppleWebKit/605.1.15 (KHTML, like Gecko) Version/15.2 Safari/605.1.15"
601133,rotate,17864,172.225.25.48,i6ztz...,2021-12-22 08:02:10 UTC,/topics/timings,"Mozilla/5.0 (Macintosh; Intel Mac OS X 10_15_7) AppleWebKit/605.1.15 (KHTML, like Gecko) Version/15.2 Safari/605.1.15"
601134,rotate,17864,172.225.25.48,tKRh6...,2021-12-22 08:03:10 UTC,/topics/timings,"Mozilla/5.0 (Macintosh; Intel Mac OS X 10_15_7) AppleWebKit/605.1.15 (KHTML, like Gecko) Version/15.2 Safari/605.1.15"
589660,rotate,17466,172.225.216.81,F8KTU...,2021-11-01 11:43:57 UTC,/u/Blue.json,"Mozilla/5.0 (iPhone; CPU iPhone OS 15_2 like Mac OS X) AppleWebKit/605.1.15 (KHTML, like Gecko) Version/15.1 Mobile/15E148 Safari/604.1"
601136,rotate,17864,172.225.25.48,XMeDE...,2021-12-22 08:04:16 UTC,/topics/timings,"Mozilla/5.0 (Macintosh; Intel Mac OS X 10_15_7) AppleWebKit/605.1.15 (KHTML, like Gecko) Version/15.2 Safari/605.1.15"
589662,rotate,17467,50.83.78.7,01tvB...,2021-11-01 12:09:53 UTC,/u/gebloom,"Mozilla/5.0 (Windows NT 10.0; Win64; x64) AppleWebKit/537.36 (KHTML, like Gecko) Chrome/95.0.4638.54 Safari/537.36"
589667,rotate,17467,50.83.78.7,s9SC4...,2021-11-01 12:33:14 UTC,/presence/update,"Mozilla/5.0 (Windows NT 10.0; Win64; x64) AppleWebKit/537.36 (KHTML, like Gecko) Chrome/95.0.4638.54 Safari/537.36"
601141,rotate,17864,172.225.25.48,2td4R...,2021-12-22 08:29:39 UTC,/post_actions,"Mozilla/5.0 (Macintosh; Intel Mac OS X 10_15_7) AppleWebKit/605.1.15 (KHTML, like Gecko) Version/15.2 Safari/605.1.15"
589689,rotate,17467,50.83.78.7,z4EZD...,2021-11-01 13:50:51 UTC,/t/does-keyboard-shortcuts-cheatsheet-exists/8503/15,"Mozilla/5.0 (Windows NT 10.0; Win64; x64) AppleWebKit/537.36 (KHTML, like Gecko) Chrome/95.0.4638.54 Safari/537.36"
608727,rotate,17866,50.83.78.7,ygXXb...,2022-01-25 21:27:34 UTC,/t/using-drafts-templates/3728,"Mozilla/5.0 (iPhone; CPU iPhone OS 15_3 like Mac OS X) AppleWebKit/605.1.15 (KHTML, like Gecko) Version/15.3 Mobile/15E148 Safari/604.1"
566103,generate,16847,104.166.200.131,YG6mh...,2021-09-06 21:18:13 UTC,/auth/twitter/callback,"Mozilla/5.0 (Windows NT 10.0; Win64; x64) AppleWebKit/537.36 (KHTML, like Gecko) Chrome/93.0.4577.63 Safari/537.36 Edg/93.0.961.38"
566104,seen token,16847,104.166.200.131,YG6mh...,2021-09-06 21:18:13 UTC,/,"Mozilla/5.0 (Windows NT 10.0; Win64; x64) AppleWebKit/537.36 (KHTML, like Gecko) Chrome/93.0.4577.63 Safari/537.36 Edg/93.0.961.38"
589725,rotate,17466,104.28.103.25,4kRNU...,2021-11-01 16:47:55 UTC,/t/using-todoist-with-drafts/1845,"Mozilla/5.0 (iPhone; CPU iPhone OS 15_2 like Mac OS X) AppleWebKit/605.1.15 (KHTML, like Gecko) Version/15.1 Mobile/15E148 Safari/604.1"
612394,rotate,17864,50.83.78.7,nhaEI...,2022-02-13 15:04:27 UTC,/notifications,"Mozilla/5.0 (Macintosh; Intel Mac OS X 10_15_7) AppleWebKit/605.1.15 (KHTML, like Gecko) Version/15.3 Safari/605.1.15"
593603,rotate,17466,50.83.78.7,CbX60...,2021-11-16 20:30:06 UTC,/t/using-todoist-with-drafts/1845,"Mozilla/5.0 (iPhone; CPU iPhone OS 15_2 like Mac OS X) AppleWebKit/605.1.15 (KHTML, like Gecko) Version/15.1 Mobile/15E148 Safari/604.1"
593609,rotate,17466,50.83.78.7,1EF1G...,2021-11-16 20:40:57 UTC,/t/how-to-preserve-create-time-and-modification-time-while-importing/6782/6,"Mozilla/5.0 (iPhone; CPU iPhone OS 15_2 like Mac OS X) AppleWebKit/605.1.15 (KHTML, like Gecko) Version/15.1 Mobile/15E148 Safari/604.1"
593666,rotate,17466,50.83.78.7,I8/xa...,2021-11-16 22:37:05 UTC,/t/using-drafts-templates/3728,"Mozilla/5.0 (iPhone; CPU iPhone OS 15_2 like Mac OS X) AppleWebKit/605.1.15 (KHTML, like Gecko) Version/15.1 Mobile/15E148 Safari/604.1"
593669,rotate,17466,50.83.78.7,g9DYf...,2021-11-16 22:51:42 UTC,/t/using-drafts-templates/3728,"Mozilla/5.0 (iPhone; CPU iPhone OS 15_2 like Mac OS X) AppleWebKit/605.1.15 (KHTML, like Gecko) Version/15.1 Mobile/15E148 Safari/604.1"
601378,rotate,17866,50.83.78.7,cp4KP...,2021-12-23 11:29:18 UTC,/t/tip-publish-a-workspace-to-files-with-shortcuts/11445,"Mozilla/5.0 (iPhone; CPU iPhone OS 15_3 like Mac OS X) AppleWebKit/605.1.15 (KHTML, like Gecko) Version/15.3 Mobile/15E148 Safari/604.1"
608812,rotate,17864,50.83.78.7,fD0lH...,2022-01-26 11:48:27 UTC,/t/using-drafts-templates/3728,"Mozilla/5.0 (Macintosh; Intel Mac OS X 10_15_7) AppleWebKit/605.1.15 (KHTML, like Gecko) Version/15.2 Safari/605.1.15"
576887,rotate,17038,107.117.168.117,+JwCe...,2021-09-29 00:05:23 UTC,/t/using-drafts-with-obsidian/11221,"Mozilla/5.0 (iPhone; CPU iPhone OS 15_1 like Mac OS X) AppleWebKit/605.1.15 (KHTML, like Gecko) Version/15.0 Mobile/15E148 Safari/604.1"
576888,seen token,17038,107.117.168.117,+JwCe...,2021-09-29 00:05:25 UTC,/t/drafts-28-released-ready-for-new-ios-macos-folder-bookmarks-and-more/11201,"Mozilla/5.0 (iPhone; CPU iPhone OS 15_1 like Mac OS X) AppleWebKit/605.1.15 (KHTML, like Gecko) Version/15.0 Mobile/15E148 Safari/604.1"
610883,rotate,17864,50.83.78.7,5iLan...,2022-02-06 01:33:16 UTC,/user_avatar/forums.getdrafts.com/blue/64/4923_2.png,"Mozilla/5.0 (Macintosh; Intel Mac OS X 10_15_7) AppleWebKit/605.1.15 (KHTML, like Gecko) Version/15.3 Safari/605.1.15"
612491,rotate,17866,50.83.78.7,FfvOZ...,2022-02-13 23:34:31 UTC,/t/auto-delete-or-bulk-delete-blank-notes/11095,"Mozilla/5.0 (iPhone; CPU iPhone OS 15_4 like Mac OS X) AppleWebKit/605.1.15 (KHTML, like Gecko) Version/15.4 Mobile/15E148 Safari/604.1"
606690,rotate,17864,50.83.78.7,Q7zHJ...,2022-01-17 09:28:50 UTC,/t/easy-access-to-files-on-your-mac/11099,"Mozilla/5.0 (Macintosh; Intel Mac OS X 10_15_7) AppleWebKit/605.1.15 (KHTML, like Gecko) Version/15.2 Safari/605.1.15"
606692,rotate,17864,50.83.78.7,0cevS...,2022-01-17 09:40:10 UTC,/t/easy-access-to-files-on-your-mac/11099,"Mozilla/5.0 (Macintosh; Intel Mac OS X 10_15_7) AppleWebKit/605.1.15 (KHTML, like Gecko) Version/15.2 Safari/605.1.15"
614270,rotate,17864,50.83.78.7,9OpAJ...,2022-02-21 09:36:10 UTC,/t/tip-publish-a-workspace-to-files-with-shortcuts/11445,"Mozilla/5.0 (Macintosh; Intel Mac OS X 10_15_7) AppleWebKit/605.1.15 (KHTML, like Gecko) Version/15.3 Safari/605.1.15"
609097,rotate,17864,50.83.78.7,vFRw3...,2022-01-28 04:45:05 UTC,/t/location-of-drafts-on-macos/6527,"Mozilla/5.0 (Macintosh; Intel Mac OS X 10_15_7) AppleWebKit/605.1.15 (KHTML, like Gecko) Version/15.2 Safari/605.1.15"
606853,rotate,17866,50.83.78.7,DWuMC...,2022-01-17 22:27:35 UTC,/c/integration-guides/7,"Mozilla/5.0 (iPhone; CPU iPhone OS 15_3 like Mac OS X) AppleWebKit/605.1.15 (KHTML, like Gecko) Version/15.3 Mobile/15E148 Safari/604.1"
609100,rotate,17864,50.83.78.7,zJy4A...,2022-01-28 05:21:55 UTC,/topics/timings,"Mozilla/5.0 (Macintosh; Intel Mac OS X 10_15_7) AppleWebKit/605.1.15 (KHTML, like Gecko) Version/15.2 Safari/605.1.15"
606857,rotate,17866,50.83.78.7,zdOjO...,2022-01-17 22:39:31 UTC,/topics/timings,"Mozilla/5.0 (iPhone; CPU iPhone OS 15_3 like Mac OS X) AppleWebKit/605.1.15 (KHTML, like Gecko) Version/15.3 Mobile/15E148 Safari/604.1"
609101,rotate,17864,50.83.78.7,rBW3D...,2022-01-28 05:22:57 UTC,/topics/timings,"Mozilla/5.0 (Macintosh; Intel Mac OS X 10_15_7) AppleWebKit/605.1.15 (KHTML, like Gecko) Version/15.2 Safari/605.1.15"
606858,rotate,17866,50.83.78.7,AhgFv...,2022-01-17 22:44:58 UTC,/topics/timings,"Mozilla/5.0 (iPhone; CPU iPhone OS 15_3 like Mac OS X) AppleWebKit/605.1.15 (KHTML, like Gecko) Version/15.3 Mobile/15E148 Safari/604.1"
606859,rotate,17866,50.83.78.7,cmlXt...,2022-01-17 22:46:01 UTC,/topics/timings,"Mozilla/5.0 (iPhone; CPU iPhone OS 15_3 like Mac OS X) AppleWebKit/605.1.15 (KHTML, like Gecko) Version/15.3 Mobile/15E148 Safari/604.1"
606860,rotate,17866,50.83.78.7,uTa0q...,2022-01-17 22:51:28 UTC,/topics/timings,"Mozilla/5.0 (iPhone; CPU iPhone OS 15_3 like Mac OS X) AppleWebKit/605.1.15 (KHTML, like Gecko) Version/15.3 Mobile/15E148 Safari/604.1"
606861,rotate,17866,50.83.78.7,QxEgs...,2022-01-17 22:53:11 UTC,/topics/timings,"Mozilla/5.0 (iPhone; CPU iPhone OS 15_3 like Mac OS X) AppleWebKit/605.1.15 (KHTML, like Gecko) Version/15.3 Mobile/15E148 Safari/604.1"
588282,generate,17390,50.83.78.7,KQnYy...,2021-10-27 01:38:46 UTC,/auth/twitter/callback,"Mozilla/5.0 (Windows NT 10.0; Win64; x64) AppleWebKit/537.36 (KHTML, like Gecko) Chrome/95.0.4638.54 Safari/537.36 Edg/95.0.1020.30"
609145,rotate,17866,50.83.78.7,jrWIb...,2022-01-28 13:15:32 UTC,/t/suggestions-requests-for-a-webdav-neocities-in-my-case-action-group/11994,"Mozilla/5.0 (iPhone; CPU iPhone OS 15_4 like Mac OS X) AppleWebKit/605.1.15 (KHTML, like Gecko) Version/15.4 Mobile/15E148 Safari/604.1"
612655,rotate,17866,50.83.78.7,A6jfr...,2022-02-14 17:06:54 UTC,/t/drafts-28-released-ready-for-new-ios-macos-folder-bookmarks-and-more/11201,"Mozilla/5.0 (iPhone; CPU iPhone OS 15_4 like Mac OS X) AppleWebKit/605.1.15 (KHTML, like Gecko) Version/15.4 Mobile/15E148 Safari/604.1"
606950,rotate,17864,50.83.78.7,4lJGv...,2022-01-18 11:59:37 UTC,/user_avatar/forums.getdrafts.com/brian_seidman/50/4553_2.png,"Mozilla/5.0 (Macintosh; Intel Mac OS X 10_15_7) AppleWebKit/605.1.15 (KHTML, like Gecko) Version/15.2 Safari/605.1.15"
606951,rotate,17864,50.83.78.7,Qyt0f...,2022-01-18 12:01:10 UTC,/topics/timings,"Mozilla/5.0 (Macintosh; Intel Mac OS X 10_15_7) AppleWebKit/605.1.15 (KHTML, like Gecko) Version/15.2 Safari/605.1.15"
606952,rotate,17864,50.83.78.7,yXBhQ...,2022-01-18 12:02:10 UTC,/topics/timings,"Mozilla/5.0 (Macintosh; Intel Mac OS X 10_15_7) AppleWebKit/605.1.15 (KHTML, like Gecko) Version/15.2 Safari/605.1.15"
595375,rotate,17466,166.205.124.42,g9c9+...,2021-11-24 07:34:02 UTC,/t/using-textexpander-with-drafts/5030,"Mozilla/5.0 (iPhone; CPU iPhone OS 15_2 like Mac OS X) AppleWebKit/605.1.15 (KHTML, like Gecko) Version/15.1 Mobile/15E148 Safari/604.1"
615839,rotate,17866,50.83.78.7,VJiFy...,2022-02-27 20:56:51 UTC,/t/script-error-syntaxerror-json-parse-error-unexpected-identifier-drafts-line-number-53-column-35/12187/2,"Mozilla/5.0 (iPhone; CPU iPhone OS 15_4 like Mac OS X) AppleWebKit/605.1.15 (KHTML, like Gecko) Version/15.4 Mobile/15E148 Safari/604.1"
615842,rotate,17866,50.83.78.7,i1HH0...,2022-02-27 21:06:58 UTC,/topics/timings,"Mozilla/5.0 (iPhone; CPU iPhone OS 15_4 like Mac OS X) AppleWebKit/605.1.15 (KHTML, like Gecko) Version/15.4 Mobile/15E148 Safari/604.1"
615844,rotate,17866,50.83.78.7,4IZbd...,2022-02-27 21:08:26 UTC,/topics/timings,"Mozilla/5.0 (iPhone; CPU iPhone OS 15_4 like Mac OS X) AppleWebKit/605.1.15 (KHTML, like Gecko) Version/15.4 Mobile/15E148 Safari/604.1"
615857,rotate,17866,50.83.78.7,Mnibu...,2022-02-27 21:39:44 UTC,/t/12187/posts.json,"Mozilla/5.0 (iPhone; CPU iPhone OS 15_4 like Mac OS X) AppleWebKit/605.1.15 (KHTML, like Gecko) Version/15.4 Mobile/15E148 Safari/604.1"
605225,rotate,17866,50.83.78.7,VA9aV...,2022-01-10 21:09:28 UTC,/t/keyboard-shortcuts-on-ipad/10389,"Mozilla/5.0 (iPhone; CPU iPhone OS 15_3 like Mac OS X) AppleWebKit/605.1.15 (KHTML, like Gecko) Version/15.3 Mobile/15E148 Safari/604.1"
604859,rotate,17864,50.83.78.7,b0e82...,2022-01-09 04:31:24 UTC,/letter_avatar_proxy/v4/letter/c/a698b9/50.png,"Mozilla/5.0 (Macintosh; Intel Mac OS X 10_15_7) AppleWebKit/605.1.15 (KHTML, like Gecko) Version/15.2 Safari/605.1.15"
604861,rotate,17864,50.83.78.7,b0oyc...,2022-01-09 04:32:37 UTC,/topics/timings,"Mozilla/5.0 (Macintosh; Intel Mac OS X 10_15_7) AppleWebKit/605.1.15 (KHTML, like Gecko) Version/15.2 Safari/605.1.15"
604862,rotate,17864,50.83.78.7,b4qn9...,2022-01-09 04:40:01 UTC,/latest.json,"Mozilla/5.0 (Macintosh; Intel Mac OS X 10_15_7) AppleWebKit/605.1.15 (KHTML, like Gecko) Version/15.2 Safari/605.1.15"
604863,rotate,17864,50.83.78.7,/dONz...,2022-01-09 04:50:42 UTC,/topics/timings,"Mozilla/5.0 (Macintosh; Intel Mac OS X 10_15_7) AppleWebKit/605.1.15 (KHTML, like Gecko) Version/15.2 Safari/605.1.15"
604864,rotate,17864,50.83.78.7,b1Ty2...,2022-01-09 04:51:42 UTC,/topics/timings,"Mozilla/5.0 (Macintosh; Intel Mac OS X 10_15_7) AppleWebKit/605.1.15 (KHTML, like Gecko) Version/15.2 Safari/605.1.15"
614465,rotate,17866,50.83.78.7,PviaK...,2022-02-22 03:18:34 UTC,/t/using-drafts-templates/3728,"Mozilla/5.0 (iPhone; CPU iPhone OS 15_4 like Mac OS X) AppleWebKit/605.1.15 (KHTML, like Gecko) Version/15.4 Mobile/15E148 Safari/604.1"
604909,rotate,17864,104.28.104.119,CZ5vk...,2022-01-09 11:21:55 UTC,/u/recent-searches,"Mozilla/5.0 (Macintosh; Intel Mac OS X 10_15_7) AppleWebKit/605.1.15 (KHTML, like Gecko) Version/15.2 Safari/605.1.15"
601934,rotate,17864,75.20.153.174,/lEQF...,2021-12-26 10:13:40 UTC,/t/capturing-content-from-websites-turning-links-into-markdown-links/10183,"Mozilla/5.0 (Macintosh; Intel Mac OS X 10_15_7) AppleWebKit/605.1.15 (KHTML, like Gecko) Version/15.2 Safari/605.1.15"
604911,rotate,17864,104.28.104.119,uK0Qz...,2022-01-09 11:53:12 UTC,/topics/timings,"Mozilla/5.0 (Macintosh; Intel Mac OS X 10_15_7) AppleWebKit/605.1.15 (KHTML, like Gecko) Version/15.2 Safari/605.1.15"
604912,rotate,17864,104.28.104.119,PmSCe...,2022-01-09 11:54:21 UTC,/post_action_users,"Mozilla/5.0 (Macintosh; Intel Mac OS X 10_15_7) AppleWebKit/605.1.15 (KHTML, like Gecko) Version/15.2 Safari/605.1.15"
611339,rotate,17864,50.83.78.7,FR7wz...,2022-02-08 05:50:50 UTC,/t/suggestions-requests-for-a-webdav-neocities-in-my-case-action-group/11994,"Mozilla/5.0 (Macintosh; Intel Mac OS X 10_15_7) AppleWebKit/605.1.15 (KHTML, like Gecko) Version/15.3 Safari/605.1.15"
604915,rotate,17864,104.28.104.119,vRuPA...,2022-01-09 12:10:41 UTC,/t/list-of-apps-with-x-callback-url-spec/11703,"Mozilla/5.0 (Macintosh; Intel Mac OS X 10_15_7) AppleWebKit/605.1.15 (KHTML, like Gecko) Version/15.2 Safari/605.1.15"
601939,rotate,17864,75.20.153.174,6z4cv...,2021-12-26 11:59:47 UTC,/latest.json,"Mozilla/5.0 (Macintosh; Intel Mac OS X 10_15_7) AppleWebKit/605.1.15 (KHTML, like Gecko) Version/15.2 Safari/605.1.15"
612820,rotate,17866,50.83.78.7,o7X+G...,2022-02-15 13:43:12 UTC,/manifest.webmanifest,"Mozilla/5.0 (iPhone; CPU iPhone OS 15_4 like Mac OS X) AppleWebKit/605.1.15 (KHTML, like Gecko) Version/15.4 Mobile/15E148 Safari/604.1"
598184,generate,17864,50.83.78.7,/E7hx...,2021-12-08 10:35:11 UTC,/auth/twitter/callback,"Mozilla/5.0 (Macintosh; Intel Mac OS X 10_15_7) AppleWebKit/605.1.15 (KHTML, like Gecko) Version/15.1 Safari/605.1.15"
615941,rotate,17866,50.83.78.7,L+Cwc...,2022-02-28 08:00:09 UTC,/t/using-notion-with-drafts/12107,"Mozilla/5.0 (iPhone; CPU iPhone OS 15_4 like Mac OS X) AppleWebKit/605.1.15 (KHTML, like Gecko) Version/15.4 Mobile/15E148 Safari/604.1"
604938,rotate,17864,172.225.216.229,0jnWO...,2022-01-09 13:59:31 UTC,/u/recent-searches,"Mozilla/5.0 (Macintosh; Intel Mac OS X 10_15_7) AppleWebKit/605.1.15 (KHTML, like Gecko) Version/15.2 Safari/605.1.15"
598196,generate,17866,50.83.78.7,DV2hA...,2021-12-08 12:20:09 UTC,/auth/twitter/callback,"Mozilla/5.0 (iPhone; CPU iPhone OS 15_2 like Mac OS X) AppleWebKit/605.1.15 (KHTML, like Gecko) Version/15.2 Mobile/15E148 Safari/604.1"
598197,rotate,17866,50.83.78.7,uw2F3...,2021-12-08 12:30:09 UTC,/t/using-drafts-templates/3728/print,"Mozilla/5.0 (iPhone; CPU iPhone OS 15_2 like Mac OS X) AppleWebKit/605.1.15 (KHTML, like Gecko) Version/15.2 Mobile/15E148 Safari/604.1"
598199,rotate,17866,50.83.78.7,APO6g...,2021-12-08 12:43:01 UTC,/topics/timings,"Mozilla/5.0 (iPhone; CPU iPhone OS 15_2 like Mac OS X) AppleWebKit/605.1.15 (KHTML, like Gecko) Version/15.2 Mobile/15E148 Safari/604.1"
598200,rotate,17866,50.83.78.7,jqM6X...,2021-12-08 12:44:10 UTC,/topics/timings,"Mozilla/5.0 (iPhone; CPU iPhone OS 15_2 like Mac OS X) AppleWebKit/605.1.15 (KHTML, like Gecko) Version/15.2 Mobile/15E148 Safari/604.1"
598218,rotate,17866,107.115.203.39,8dkOl...,2021-12-08 13:58:11 UTC,/t/using-drafts-templates/3728,"Mozilla/5.0 (iPhone; CPU iPhone OS 15_2 like Mac OS X) AppleWebKit/605.1.15 (KHTML, like Gecko) Version/15.2 Mobile/15E148 Safari/604.1"
612880,rotate,17866,50.83.78.7,e59cH...,2022-02-15 18:34:02 UTC,/t/rfc-syntax-definition-format/6687,"Mozilla/5.0 (iPhone; CPU iPhone OS 15_4 like Mac OS X) AppleWebKit/605.1.15 (KHTML, like Gecko) Version/15.4 Mobile/15E148 Safari/604.1"
614585,rotate,17866,107.119.41.107,jYaq+...,2022-02-22 19:25:53 UTC,/manifest.webmanifest,"Mozilla/5.0 (iPhone; CPU iPhone OS 15_4 like Mac OS X) AppleWebKit/605.1.15 (KHTML, like Gecko) Version/15.4 Mobile/15E148 Safari/604.1"
611441,rotate,17866,50.83.78.7,2vyfx...,2022-02-08 20:00:25 UTC,/t/get-the-content-of-the-current-draft/11418,"Mozilla/5.0 (iPhone; CPU iPhone OS 15_4 like Mac OS X) AppleWebKit/605.1.15 (KHTML, like Gecko) Version/15.4 Mobile/15E148 Safari/604.1"
611443,rotate,17866,50.83.78.7,PepM2...,2022-02-08 20:10:53 UTC,/t/suggestions-requests-for-a-webdav-neocities-in-my-case-action-group/11994,"Mozilla/5.0 (iPhone; CPU iPhone OS 15_4 like Mac OS X) AppleWebKit/605.1.15 (KHTML, like Gecko) Version/15.4 Mobile/15E148 Safari/604.1"
614612,rotate,17866,50.83.78.7,0288O...,2022-02-22 23:40:42 UTC,/t/re-sharing-another-s-de-listed-theme-to-the-directory/12151,"Mozilla/5.0 (iPhone; CPU iPhone OS 15_4 like Mac OS X) AppleWebKit/605.1.15 (KHTML, like Gecko) Version/15.4 Mobile/15E148 Safari/604.1"
617029,rotate,17866,50.83.78.7,XlK9p...,2022-03-04 16:21:46 UTC,/manifest.webmanifest,"Mozilla/5.0 (iPhone; CPU iPhone OS 15_4 like Mac OS X) AppleWebKit/605.1.15 (KHTML, like Gecko) Version/15.4 Mobile/15E148 Safari/604.1"
617063,rotate,17866,166.205.124.70,RDC8f...,2022-03-04 19:13:28 UTC,/t/setup-drafts-on-ios-with-working-copy/9197,"Mozilla/5.0 (iPhone; CPU iPhone OS 15_4 like Mac OS X) AppleWebKit/605.1.15 (KHTML, like Gecko) Version/15.4 Mobile/15E148 Safari/604.1"
620130,rotate,17866,50.83.78.7,3/QCR...,2022-03-18 19:56:05 UTC,/t/posting-to-mastodon-from-drafts-native-action-service/12089,"Mozilla/5.0 (iPhone; CPU iPhone OS 15_4 like Mac OS X) AppleWebKit/605.1.15 (KHTML, like Gecko) Version/15.4 Mobile/15E148 Safari/604.1"
616109,rotate,17866,107.119.41.66,6u2Sx...,2022-02-28 20:33:59 UTC,/t/drafts-31-released-interface-refresh-notion-support/12165,"Mozilla/5.0 (iPhone; CPU iPhone OS 15_4 like Mac OS X) AppleWebKit/605.1.15 (KHTML, like Gecko) Version/15.4 Mobile/15E148 Safari/604.1"
611588,rotate,17866,50.83.78.7,0MD/t...,2022-02-09 16:45:01 UTC,/t/suggestions-requests-for-a-webdav-neocities-in-my-case-action-group/11994,"Mozilla/5.0 (iPhone; CPU iPhone OS 15_4 like Mac OS X) AppleWebKit/605.1.15 (KHTML, like Gecko) Version/15.4 Mobile/15E148 Safari/604.1"
613062,rotate,17866,50.83.78.7,mCfAF...,2022-02-16 16:45:43 UTC,/t/drafts-26-released-custom-syntax-themes/10072,"Mozilla/5.0 (iPhone; CPU iPhone OS 15_4 like Mac OS X) AppleWebKit/605.1.15 (KHTML, like Gecko) Version/15.4 Mobile/15E148 Safari/604.1"
613073,rotate,17866,50.83.78.7,Fb58/...,2022-02-16 17:18:51 UTC,/t/drafts-26-released-custom-syntax-themes/10072/2,"Mozilla/5.0 (iPhone; CPU iPhone OS 15_4 like Mac OS X) AppleWebKit/605.1.15 (KHTML, like Gecko) Version/15.4 Mobile/15E148 Safari/604.1"
613090,rotate,17866,50.83.78.7,WOwt2...,2022-02-16 17:45:39 UTC,/t/using-notion-with-drafts/12107/1,"Mozilla/5.0 (iPhone; CPU iPhone OS 15_4 like Mac OS X) AppleWebKit/605.1.15 (KHTML, like Gecko) Version/15.4 Mobile/15E148 Safari/604.1"
607589,rotate,17866,50.83.78.7,sa8CC...,2022-01-21 01:34:50 UTC,/t/using-drafts-templates/3728,"Mozilla/5.0 (iPhone; CPU iPhone OS 15_3 like Mac OS X) AppleWebKit/605.1.15 (KHTML, like Gecko) Version/15.3 Mobile/15E148 Safari/604.1"
618190,rotate,17866,50.83.78.7,P7Lm+...,2022-03-09 21:52:23 UTC,/t/using-notion-with-drafts/12107,"Mozilla/5.0 (iPhone; CPU iPhone OS 15_4 like Mac OS X) AppleWebKit/605.1.15 (KHTML, like Gecko) Version/15.4 Mobile/15E148 Safari/604.1"
620197,rotate,17866,50.83.78.7,CfN81...,2022-03-18 22:37:25 UTC,/t/using-drafts-with-obsidian/11221,"Mozilla/5.0 (iPhone; CPU iPhone OS 15_4 like Mac OS X) AppleWebKit/605.1.15 (KHTML, like Gecko) Version/15.4 Mobile/15E148 Safari/604.1"
618198,rotate,17866,50.83.78.7,+Bi3F...,2022-03-09 22:36:11 UTC,/t/using-notion-with-drafts/12107/15,"Mozilla/5.0 (iPhone; CPU iPhone OS 15_4 like Mac OS X) AppleWebKit/605.1.15 (KHTML, like Gecko) Version/15.4 Mobile/15E148 Safari/604.1"
620627,rotate,17864,50.83.78.7,FlSQI...,2022-03-20 17:40:46 UTC,/t/using-notion-with-drafts/12107,"Mozilla/5.0 (Macintosh; Intel Mac OS X 10_15_7) AppleWebKit/605.1.15 (KHTML, like Gecko)"
619120,rotate,17864,50.83.78.7,+wJBQ...,2022-03-14 08:05:49 UTC,/letter_avatar_proxy/v4/letter/d/73ab20/50.png,"Mozilla/5.0 (Macintosh; Intel Mac OS X 10_15_7) AppleWebKit/605.1.15 (KHTML, like Gecko) Version/15.3 Safari/605.1.15"
619121,rotate,17864,50.83.78.7,3Xn3A...,2022-03-14 08:06:57 UTC,/topics/timings,"Mozilla/5.0 (Macintosh; Intel Mac OS X 10_15_7) AppleWebKit/605.1.15 (KHTML, like Gecko) Version/15.3 Safari/605.1.15"
619122,rotate,17864,50.83.78.7,kRThb...,2022-03-14 08:07:58 UTC,/topics/timings,"Mozilla/5.0 (Macintosh; Intel Mac OS X 10_15_7) AppleWebKit/605.1.15 (KHTML, like Gecko) Version/15.3 Safari/605.1.15"
618248,rotate,17866,50.83.78.7,EDskN...,2022-03-10 06:04:00 UTC,/t/using-notion-with-drafts/12107/15,"Mozilla/5.0 (iPhone; CPU iPhone OS 15_4 like Mac OS X) AppleWebKit/605.1.15 (KHTML, like Gecko) Version/15.4 Mobile/15E148 Safari/604.1"
603074,rotate,17864,50.83.78.7,bhuz0...,2022-01-01 01:08:37 UTC,/user_avatar/forums.getdrafts.com/blue/64/4923_2.png,"Mozilla/5.0 (Macintosh; Intel Mac OS X 10_15_7) AppleWebKit/605.1.15 (KHTML, like Gecko) Version/15.2 Safari/605.1.15"
603076,rotate,17864,50.83.78.7,Si8sP...,2022-01-01 01:09:50 UTC,/topics/timings,"Mozilla/5.0 (Macintosh; Intel Mac OS X 10_15_7) AppleWebKit/605.1.15 (KHTML, like Gecko) Version/15.2 Safari/605.1.15"
603078,rotate,17864,50.83.78.7,t8MVV...,2022-01-01 01:11:51 UTC,/topics/timings,"Mozilla/5.0 (Macintosh; Intel Mac OS X 10_15_7) AppleWebKit/605.1.15 (KHTML, like Gecko) Version/15.2 Safari/605.1.15"
603077,rotate,17864,50.83.78.7,tT7uv...,2022-01-01 01:10:51 UTC,/topics/timings,"Mozilla/5.0 (Macintosh; Intel Mac OS X 10_15_7) AppleWebKit/605.1.15 (KHTML, like Gecko) Version/15.2 Safari/605.1.15"
620971,rotate,17864,50.83.78.7,xVZ5e...,2022-03-22 01:15:59 UTC,/t/easy-access-to-files-on-your-mac/11099,"Mozilla/5.0 (Macintosh; Intel Mac OS X 10_15_7) AppleWebKit/605.1.15 (KHTML, like Gecko) Version/15.4 Safari/605.1.15"
603080,rotate,17864,50.83.78.7,dFl2N...,2022-01-01 01:17:18 UTC,/topics/timings,"Mozilla/5.0 (Macintosh; Intel Mac OS X 10_15_7) AppleWebKit/605.1.15 (KHTML, like Gecko) Version/15.2 Safari/605.1.15"
603081,rotate,17864,50.83.78.7,+EMuR...,2022-01-01 01:18:18 UTC,/topics/timings,"Mozilla/5.0 (Macintosh; Intel Mac OS X 10_15_7) AppleWebKit/605.1.15 (KHTML, like Gecko) Version/15.2 Safari/605.1.15"
603082,rotate,17864,50.83.78.7,PdEbp...,2022-01-01 01:19:18 UTC,/topics/timings,"Mozilla/5.0 (Macintosh; Intel Mac OS X 10_15_7) AppleWebKit/605.1.15 (KHTML, like Gecko) Version/15.2 Safari/605.1.15"
603083,rotate,17864,50.83.78.7,bB2xA...,2022-01-01 01:20:18 UTC,/topics/timings,"Mozilla/5.0 (Macintosh; Intel Mac OS X 10_15_7) AppleWebKit/605.1.15 (KHTML, like Gecko) Version/15.2 Safari/605.1.15"
603084,rotate,17864,50.83.78.7,VcsC+...,2022-01-01 01:21:19 UTC,/topics/timings,"Mozilla/5.0 (Macintosh; Intel Mac OS X 10_15_7) AppleWebKit/605.1.15 (KHTML, like Gecko) Version/15.2 Safari/605.1.15"
571133,seen token,14511,107.117.168.61,dEpg1...,2021-09-17 16:35:24 UTC,/notifications/mark-read,"Mozilla/5.0 (iPhone; CPU iPhone OS 15_0 like Mac OS X) AppleWebKit/605.1.15 (KHTML, like Gecko) Version/15.0 Mobile/15E148 Safari/604.1"
571132,rotate,14511,107.117.168.61,dEpg1...,2021-09-17 16:35:21 UTC,/notifications,"Mozilla/5.0 (iPhone; CPU iPhone OS 15_0 like Mac OS X) AppleWebKit/605.1.15 (KHTML, like Gecko) Version/15.0 Mobile/15E148 Safari/604.1"
571154,rotate,14511,107.117.168.61,EsIWz...,2021-09-17 16:58:52 UTC,/u/Blue.json,"Mozilla/5.0 (iPhone; CPU iPhone OS 15_0 like Mac OS X) AppleWebKit/605.1.15 (KHTML, like Gecko) Version/15.0 Mobile/15E148 Safari/604.1"
571155,seen token,14511,107.117.168.61,EsIWz...,2021-09-17 16:58:52 UTC,/u/blue/preferences/profile,"Mozilla/5.0 (iPhone; CPU iPhone OS 15_0 like Mac OS X) AppleWebKit/605.1.15 (KHTML, like Gecko) Version/15.0 Mobile/15E148 Safari/604.1"
617324,rotate,17866,107.119.41.52,iZVrG...,2022-03-06 00:37:17 UTC,/t/drafts-31-released-interface-refresh-notion-support/12165,"Mozilla/5.0 (iPhone; CPU iPhone OS 15_4 like Mac OS X) AppleWebKit/605.1.15 (KHTML, like Gecko) Version/15.4 Mobile/15E148 Safari/604.1"
605696,rotate,17866,107.119.41.73,TSBwp...,2022-01-12 21:57:51 UTC,/user_avatar/forums.getdrafts.com/blue/96/4923_2.png,"Mozilla/5.0 (iPhone; CPU iPhone OS 15_3 like Mac OS X) AppleWebKit/605.1.15 (KHTML, like Gecko) Version/15.3 Mobile/15E148 Safari/604.1"
595911,rotate,17466,107.115.203.95,YC7Ne...,2021-11-27 01:23:17 UTC,/t/tip-publish-a-workspace-to-files-with-shortcuts/11445,"Mozilla/5.0 (iPhone; CPU iPhone OS 15_2 like Mac OS X) AppleWebKit/605.1.15 (KHTML, like Gecko) Version/15.1 Mobile/15E148 Safari/604.1"
571194,rotate,14511,107.117.168.61,bcx/J...,2021-09-17 17:50:07 UTC,/t/drafts-28-released-ready-for-new-ios-macos-folder-bookmarks-and-more/11201,"Mozilla/5.0 (iPhone; CPU iPhone OS 15_0 like Mac OS X) AppleWebKit/605.1.15 (KHTML, like Gecko) Version/15.0 Mobile/15E148 Safari/604.1"
571195,seen token,14511,107.117.168.61,bcx/J...,2021-09-17 17:50:08 UTC,/message-bus/f354aa5f838f4f6c8c9c86323b4825d6/poll,"Mozilla/5.0 (iPhone; CPU iPhone OS 15_0 like Mac OS X) AppleWebKit/605.1.15 (KHTML, like Gecko) Version/15.0 Mobile/15E148 Safari/604.1"
609970,rotate,17864,50.83.78.7,QKYFz...,2022-02-02 04:16:57 UTC,/t/11994/4.json,"Mozilla/5.0 (Macintosh; Intel Mac OS X 10_15_7) AppleWebKit/605.1.15 (KHTML, like Gecko) Version/15.2 Safari/605.1.15"
609972,rotate,17864,50.83.78.7,HzMvZ...,2022-02-02 05:47:03 UTC,/t/11994/4.json,"Mozilla/5.0 (Macintosh; Intel Mac OS X 10_15_7) AppleWebKit/605.1.15 (KHTML, like Gecko) Version/15.2 Safari/605.1.15"
571206,rotate,14511,107.117.168.61,7ev4m...,2021-09-17 18:00:19 UTC,/t/drafts-28-released-ready-for-new-ios-macos-folder-bookmarks-and-more/11201/8,"Mozilla/5.0 (iPhone; CPU iPhone OS 15_0 like Mac OS X) AppleWebKit/605.1.15 (KHTML, like Gecko) Version/15.0 Mobile/15E148 Safari/604.1"
571207,seen token,14511,107.117.168.61,7ev4m...,2021-09-17 18:00:23 UTC,/message-bus/ae58da0a270743bab5ea971b90bc8e08/poll,"Mozilla/5.0 (iPhone; CPU iPhone OS 15_0 like Mac OS X) AppleWebKit/605.1.15 (KHTML, like Gecko) Version/15.0 Mobile/15E148 Safari/604.1"
571223,rotate,14511,107.117.168.61,+Tj00...,2021-09-17 18:20:12 UTC,/t/11201/posts.json,"Mozilla/5.0 (iPhone; CPU iPhone OS 15_0 like Mac OS X) AppleWebKit/605.1.15 (KHTML, like Gecko) Version/15.0 Mobile/15E148 Safari/604.1"
571229,seen token,14511,107.117.168.61,+Tj00...,2021-09-17 18:21:43 UTC,/message-bus/614c77a53ef94962abc21752071d279c/poll,"Mozilla/5.0 (iPhone; CPU iPhone OS 15_0 like Mac OS X) AppleWebKit/605.1.15 (KHTML, like Gecko) Version/15.0 Mobile/15E148 Safari/604.1"
607814,rotate,17866,107.119.41.128,VZjZ0...,2022-01-21 19:52:39 UTC,/t/using-drafts-templates/3728,"Mozilla/5.0 (iPhone; CPU iPhone OS 15_3 like Mac OS X) AppleWebKit/605.1.15 (KHTML, like Gecko) Version/15.3 Mobile/15E148 Safari/604.1"
617402,rotate,17866,50.83.78.7,R5A85...,2022-03-06 11:32:01 UTC,/t/drafts-31-released-interface-refresh-notion-support/12165,"Mozilla/5.0 (iPhone; CPU iPhone OS 15_4 like Mac OS X) AppleWebKit/605.1.15 (KHTML, like Gecko) Version/15.4 Mobile/15E148 Safari/604.1"
619255,rotate,17866,50.83.78.7,7TpJo...,2022-03-14 21:57:17 UTC,/manifest.webmanifest,"Mozilla/5.0 (iPhone; CPU iPhone OS 15_4 like Mac OS X) AppleWebKit/605.1.15 (KHTML, like Gecko) Version/15.4 Mobile/15E148 Safari/604.1"
619262,rotate,17866,50.83.78.7,vWrBH...,2022-03-14 22:22:39 UTC,/topics/timings,"Mozilla/5.0 (iPhone; CPU iPhone OS 15_4 like Mac OS X) AppleWebKit/605.1.15 (KHTML, like Gecko) Version/15.4 Mobile/15E148 Safari/604.1"
571276,rotate,14511,107.117.168.132,HcA69...,2021-09-17 19:35:47 UTC,/t/drafts-28-released-ready-for-new-ios-macos-folder-bookmarks-and-more/11201/9,"Mozilla/5.0 (iPhone; CPU iPhone OS 15_0 like Mac OS X) AppleWebKit/605.1.15 (KHTML, like Gecko) Version/15.0 Mobile/15E148 Safari/604.1"
571277,seen token,14511,107.117.168.132,HcA69...,2021-09-17 19:35:49 UTC,/t/drafts-28-released-ready-for-new-ios-macos-folder-bookmarks-and-more/11201,"Mozilla/5.0 (iPhone; CPU iPhone OS 15_0 like Mac OS X) AppleWebKit/605.1.15 (KHTML, like Gecko) Version/15.0 Mobile/15E148 Safari/604.1"
571282,rotate,14511,107.117.168.132,rNYaa...,2021-09-17 19:47:29 UTC,/t/drafts-28-released-ready-for-new-ios-macos-folder-bookmarks-and-more/11201,"Mozilla/5.0 (iPhone; CPU iPhone OS 15_0 like Mac OS X) AppleWebKit/605.1.15 (KHTML, like Gecko) Version/15.0 Mobile/15E148 Safari/604.1"
619274,rotate,17866,50.83.78.7,NuUwu...,2022-03-14 22:53:05 UTC,/t/12296/posts.json,"Mozilla/5.0 (iPhone; CPU iPhone OS 15_4 like Mac OS X) AppleWebKit/605.1.15 (KHTML, like Gecko) Version/15.4 Mobile/15E148 Safari/604.1"
603195,rotate,17864,50.83.78.7,YZUlb...,2022-01-01 15:43:47 UTC,/t/tip-publish-a-workspace-to-files-with-shortcuts/11445,"Mozilla/5.0 (Macintosh; Intel Mac OS X 10_15_7) AppleWebKit/605.1.15 (KHTML, like Gecko) Version/15.2 Safari/605.1.15"
618450,rotate,17864,50.83.78.7,jG59z...,2022-03-11 04:47:38 UTC,/latest.json,"Mozilla/5.0 (Macintosh; Intel Mac OS X 10_15_7) AppleWebKit/605.1.15 (KHTML, like Gecko) Version/15.3 Safari/605.1.15"
615203,rotate,17866,50.83.78.7,Nitis...,2022-02-25 16:51:06 UTC,/manifest.webmanifest,"Mozilla/5.0 (iPhone; CPU iPhone OS 15_4 like Mac OS X) AppleWebKit/605.1.15 (KHTML, like Gecko) Version/15.4 Mobile/15E148 Safari/604.1"
615222,rotate,17866,50.83.78.7,2LKjL...,2022-02-25 17:18:48 UTC,/manifest.webmanifest,"Mozilla/5.0 (iPhone; CPU iPhone OS 15_4 like Mac OS X) AppleWebKit/605.1.15 (KHTML, like Gecko) Version/15.4 Mobile/15E148 Safari/604.1"
618464,rotate,17864,50.83.78.7,h2naH...,2022-03-11 05:27:03 UTC,/t/using-notion-with-drafts/12107,"Mozilla/5.0 (Macintosh; Intel Mac OS X 10_15_7) AppleWebKit/605.1.15 (KHTML, like Gecko) Version/15.3 Safari/605.1.15"
615237,rotate,17866,50.83.78.7,AsYx6...,2022-02-25 17:42:18 UTC,/t/12151/posts.json,"Mozilla/5.0 (iPhone; CPU iPhone OS 15_4 like Mac OS X) AppleWebKit/605.1.15 (KHTML, like Gecko) Version/15.4 Mobile/15E148 Safari/604.1"
597750,generate,17845,50.83.78.7,Y8oLx...,2021-12-06 00:54:17 UTC,/auth/twitter/callback,"Mozilla/5.0 (Windows NT 10.0; Win64; x64) AppleWebKit/537.36 (KHTML, like Gecko) Chrome/100.0.4736.0 Safari/537.36"
615253,rotate,17866,50.83.78.7,AEc8H...,2022-02-25 18:18:21 UTC,/t/drafts-31-released-interface-refresh-notion-support/12165,"Mozilla/5.0 (iPhone; CPU iPhone OS 15_4 like Mac OS X) AppleWebKit/605.1.15 (KHTML, like Gecko) Version/15.4 Mobile/15E148 Safari/604.1"
619303,rotate,17866,50.83.78.7,FDRM/...,2022-03-15 00:34:27 UTC,/t/index-by-tag-with-drafts-open-links-via-siri-shortcuts/12296/2,"Mozilla/5.0 (iPhone; CPU iPhone OS 15_4 like Mac OS X) AppleWebKit/605.1.15 (KHTML, like Gecko) Version/15.4 Mobile/15E148 Safari/604.1"
615290,rotate,17866,50.83.78.7,W8DZm...,2022-02-25 20:47:05 UTC,/t/drafts-31-released-interface-refresh-notion-support/12165,"Mozilla/5.0 (iPhone; CPU iPhone OS 15_4 like Mac OS X) AppleWebKit/605.1.15 (KHTML, like Gecko) Version/15.4 Mobile/15E148 Safari/604.1"
620400,rotate,17864,50.83.78.7,geaa4...,2022-03-19 20:11:55 UTC,/manifest.webmanifest,"Mozilla/5.0 (Macintosh; Intel Mac OS X 10_15_7) AppleWebKit/605.1.15 (KHTML, like Gecko) Version/15.4 Safari/605.1.15"
615321,rotate,17866,50.83.78.7,12E2j...,2022-02-25 22:40:20 UTC,/t/drafts-31-released-interface-refresh-notion-support/12165,"Mozilla/5.0 (iPhone; CPU iPhone OS 15_4 like Mac OS X) AppleWebKit/605.1.15 (KHTML, like Gecko) Version/15.4 Mobile/15E148 Safari/604.1"
621069,rotate,17866,50.83.78.7,21Rfv...,2022-03-22 12:56:51 UTC,/t/update-all-actions/11941,"Mozilla/5.0 (iPhone; CPU iPhone OS 15_4 like Mac OS X) AppleWebKit/605.1.15 (KHTML, like Gecko) Version/15.4 Mobile/15E148 Safari/604.1"
621084,rotate,17864,50.83.78.7,yqoH8...,2022-03-22 14:41:41 UTC,/t/tip-convert-markdown-to-html-in-shortcuts/12331,"Mozilla/5.0 (Macintosh; Intel Mac OS X 10_15_7) AppleWebKit/605.1.15 (KHTML, like Gecko) Version/15.4 Safari/605.1.15"
619407,rotate,17866,50.83.78.7,6sxAi...,2022-03-15 11:02:07 UTC,/t/using-drafts-with-obsidian/11221,"Mozilla/5.0 (iPhone; CPU iPhone OS 15_4 like Mac OS X) AppleWebKit/605.1.15 (KHTML, like Gecko) Version/15.4 Mobile/15E148 Safari/604.1"
610243,rotate,17864,50.83.78.7,hr29h...,2022-02-03 08:27:56 UTC,/notifications,"Mozilla/5.0 (Macintosh; Intel Mac OS X 10_15_7) AppleWebKit/605.1.15 (KHTML, like Gecko) Version/15.3 Safari/605.1.15"
619425,rotate,17866,50.83.78.7,bZ1Pj...,2022-03-15 12:26:36 UTC,/manifest.webmanifest,"Mozilla/5.0 (iPhone; CPU iPhone OS 15_4 like Mac OS X) AppleWebKit/605.1.15 (KHTML, like Gecko) Version/15.4 Mobile/15E148 Safari/604.1"
574474,generate,17038,107.117.168.102,jccEk...,2021-09-23 20:43:36 UTC,/auth/twitter/callback,"Mozilla/5.0 (iPhone; CPU iPhone OS 15_0 like Mac OS X) AppleWebKit/605.1.15 (KHTML, like Gecko) Version/15.0 Mobile/15E148 Safari/604.1"
574475,seen token,17038,107.117.168.102,jccEk...,2021-09-23 20:43:36 UTC,/t/using-drafts-with-obsidian/11221,"Mozilla/5.0 (iPhone; CPU iPhone OS 15_0 like Mac OS X) AppleWebKit/605.1.15 (KHTML, like Gecko) Version/15.0 Mobile/15E148 Safari/604.1"
594899,rotate,17466,50.83.78.7,cKUIu...,2021-11-22 01:17:10 UTC,/t/exporting-to-apple-notes-preserving-tags/11612,"Mozilla/5.0 (iPhone; CPU iPhone OS 15_2 like Mac OS X) AppleWebKit/605.1.15 (KHTML, like Gecko) Version/15.1 Mobile/15E148 Safari/604.1"
621439,rotate,17866,107.119.41.84,KqbP3...,2022-03-23 19:38:18 UTC,/t/tip-insert-result-of-a-shortcuts-app-shortcut-in-current-draft/2666,"Mozilla/5.0 (iPhone; CPU iPhone OS 15_4 like Mac OS X) AppleWebKit/605.1.15 (KHTML, like Gecko) Version/15.4 Mobile/15E148 Safari/604.1"
620061,rotate,17866,107.119.41.10,y1Ilr...,2022-03-18 16:14:10 UTC,/t/referencing-an-image-from-photos-app-ios/11325,"Mozilla/5.0 (iPhone; CPU iPhone OS 15_4 like Mac OS X) AppleWebKit/605.1.15 (KHTML, like Gecko) Version/15.4 Mobile/15E148 Safari/604.1"
615524,rotate,17866,50.83.78.7,PgGos...,2022-02-26 17:03:09 UTC,/t/drafts-31-released-interface-refresh-notion-support/12165,"Mozilla/5.0 (iPhone; CPU iPhone OS 15_4 like Mac OS X) AppleWebKit/605.1.15 (KHTML, like Gecko) Version/15.4 Mobile/15E148 Safari/604.1"
625824,generate,19193,50.83.78.7,RrdyO...,2022-04-11 16:40:54 UTC,/auth/twitter/callback,"Mozilla/5.0 (iPhone; CPU iPhone OS 15_5 like Mac OS X) AppleWebKit/605.1.15 (KHTML, like Gecko) Version/15.5 Mobile/15E148 Safari/604.1"
626537,rotate,19193,50.83.78.7,B3glh...,2022-04-13 18:10:43 UTC,/t/i-have-too-many-drafts-to-handle/12428,"Mozilla/5.0 (iPhone; CPU iPhone OS 15_5 like Mac OS X) AppleWebKit/605.1.15 (KHTML, like Gecko) Version/15.5 Mobile/15E148 Safari/604.1"
625856,rotate,19193,50.83.78.7,kNVCY...,2022-04-11 17:30:38 UTC,/posts/35141,"Mozilla/5.0 (iPhone; CPU iPhone OS 15_5 like Mac OS X) AppleWebKit/605.1.15 (KHTML, like Gecko) Version/15.5 Mobile/15E148 Safari/604.1"
626081,rotate,19193,50.83.78.7,GguYZ...,2022-04-12 06:11:42 UTC,/manifest.webmanifest,"Mozilla/5.0 (iPhone; CPU iPhone OS 15_5 like Mac OS X) AppleWebKit/605.1.15 (KHTML, like Gecko) Version/15.5 Mobile/15E148 Safari/604.1"
626548,rotate,19193,50.83.78.7,0z2oR...,2022-04-13 19:15:45 UTC,/manifest.webmanifest,"Mozilla/5.0 (iPhone; CPU iPhone OS 15_5 like Mac OS X) AppleWebKit/605.1.15 (KHTML, like Gecko) Version/15.5 Mobile/15E148 Safari/604.1"
625869,rotate,19193,50.83.78.7,yUIy2...,2022-04-11 17:50:56 UTC,/manifest.webmanifest,"Mozilla/5.0 (iPhone; CPU iPhone OS 15_5 like Mac OS X) AppleWebKit/605.1.15 (KHTML, like Gecko) Version/15.5 Mobile/15E148 Safari/604.1"
625880,rotate,19193,50.83.78.7,4Yzq6...,2022-04-11 18:09:05 UTC,/topics/timings,"Mozilla/5.0 (iPhone; CPU iPhone OS 15_5 like Mac OS X) AppleWebKit/605.1.15 (KHTML, like Gecko) Version/15.5 Mobile/15E148 Safari/604.1"
626545,rotate,19193,50.83.78.7,C7tI0...,2022-04-13 18:48:12 UTC,/manifest.webmanifest,"Mozilla/5.0 (iPhone; CPU iPhone OS 15_5 like Mac OS X) AppleWebKit/605.1.15 (KHTML, like Gecko) Version/15.5 Mobile/15E148 Safari/604.1"
625876,rotate,19193,50.83.78.7,zDXO5...,2022-04-11 18:07:03 UTC,/topics/timings,"Mozilla/5.0 (iPhone; CPU iPhone OS 15_5 like Mac OS X) AppleWebKit/605.1.15 (KHTML, like Gecko) Version/15.5 Mobile/15E148 Safari/604.1"
625884,rotate,19193,50.83.78.7,i4YNL...,2022-04-11 18:12:52 UTC,/user_avatar/forums.getdrafts.com/jsamlarose/75/652_2.png,"Mozilla/5.0 (iPhone; CPU iPhone OS 15_5 like Mac OS X) AppleWebKit/605.1.15 (KHTML, like Gecko) Version/15.5 Mobile/15E148 Safari/604.1"
625887,rotate,19193,50.83.78.7,5fbjY...,2022-04-11 18:15:36 UTC,/clicks/track,"Mozilla/5.0 (iPhone; CPU iPhone OS 15_5 like Mac OS X) AppleWebKit/605.1.15 (KHTML, like Gecko) Version/15.5 Mobile/15E148 Safari/604.1"
625877,rotate,19193,50.83.78.7,BtAU5...,2022-04-11 18:08:03 UTC,/topics/timings,"Mozilla/5.0 (iPhone; CPU iPhone OS 15_5 like Mac OS X) AppleWebKit/605.1.15 (KHTML, like Gecko) Version/15.5 Mobile/15E148 Safari/604.1"
626861,rotate,19193,50.83.78.7,xUJ9A...,2022-04-15 08:28:09 UTC,/t/cursor-location/9694,"Mozilla/5.0 (iPhone; CPU iPhone OS 15_5 like Mac OS X) AppleWebKit/605.1.15 (KHTML, like Gecko) Version/15.5 Mobile/15E148 Safari/604.1"
625948,rotate,19193,50.83.78.7,NMa4i...,2022-04-11 19:55:30 UTC,/manifest.webmanifest,"Mozilla/5.0 (iPhone; CPU iPhone OS 15_5 like Mac OS X) AppleWebKit/605.1.15 (KHTML, like Gecko) Version/15.5 Mobile/15E148 Safari/604.1"
626519,rotate,19193,50.83.78.7,QmhpZ...,2022-04-13 16:43:56 UTC,/manifest.webmanifest,"Mozilla/5.0 (iPhone; CPU iPhone OS 15_5 like Mac OS X) AppleWebKit/605.1.15 (KHTML, like Gecko) Version/15.5 Mobile/15E148 Safari/604.1"
625399,rotate,17864,50.83.78.7,WoCAf...,2022-04-10 05:33:38 UTC,/t/http-post-data-in-raw/12424,"Mozilla/5.0 (Macintosh; Intel Mac OS X 10_15_7) AppleWebKit/605.1.15 (KHTML, like Gecko) Version/15.4 Safari/605.1.15"
646926,rotate,19926,50.83.78.7,qK+6L...,2022-07-14 21:41:02 UTC,/t/question-regarding-tadpoole/12991,"Mozilla/5.0 (Macintosh; Intel Mac OS X 10_15_6) AppleWebKit/605.1.15 (KHTML, like Gecko) Version/15.6 Safari/605.1.15"
627963,rotate,19193,50.83.78.7,ayzUE...,2022-04-19 03:42:00 UTC,/t/how-i-use-drafts-how-do-you-feedback-appreciated/12482,"Mozilla/5.0 (iPhone; CPU iPhone OS 15_5 like Mac OS X) AppleWebKit/605.1.15 (KHTML, like Gecko) Version/15.5 Mobile/15E148 Safari/604.1"
628030,rotate,19193,50.83.78.7,gp7NA...,2022-04-19 10:49:34 UTC,/t/how-i-use-drafts-how-do-you-feedback-appreciated/12482,"Mozilla/5.0 (iPhone; CPU iPhone OS 15_5 like Mac OS X) AppleWebKit/605.1.15 (KHTML, like Gecko) Version/15.5 Mobile/15E148 Safari/604.1"
628075,rotate,19193,50.83.78.7,MQ/zI...,2022-04-19 14:55:06 UTC,/manifest.webmanifest,"Mozilla/5.0 (iPhone; CPU iPhone OS 15_5 like Mac OS X) AppleWebKit/605.1.15 (KHTML, like Gecko) Version/15.5 Mobile/15E148 Safari/604.1"
628142,rotate,19193,50.83.78.7,29HCX...,2022-04-19 18:18:33 UTC,/t/script-error-syntaxerror-json-parse-error-unexpected-identifier-drafts-line-number-53-column-35/12187,"Mozilla/5.0 (iPhone; CPU iPhone OS 15_5 like Mac OS X) AppleWebKit/605.1.15 (KHTML, like Gecko) Version/15.5 Mobile/15E148 Safari/604.1"
645655,rotate,19926,50.83.78.7,abTcx...,2022-07-08 19:58:10 UTC,/t/confused-about-features/12954,"Mozilla/5.0 (Macintosh; Intel Mac OS X 10_15_6) AppleWebKit/605.1.15 (KHTML, like Gecko) Version/15.6 Safari/605.1.15"
628536,rotate,19193,50.83.78.7,rpO5c...,2022-04-21 07:21:05 UTC,/t/solved-dropbox-api-copy-throws-error-999-run-async/6598,"Mozilla/5.0 (iPhone; CPU iPhone OS 15_5 like Mac OS X) AppleWebKit/605.1.15 (KHTML, like Gecko) Version/15.5 Mobile/15E148 Safari/604.1"
628540,rotate,19193,50.83.78.7,KeQq1...,2022-04-21 07:33:38 UTC,/topics/timings,"Mozilla/5.0 (iPhone; CPU iPhone OS 15_5 like Mac OS X) AppleWebKit/605.1.15 (KHTML, like Gecko) Version/15.5 Mobile/15E148 Safari/604.1"
628760,generate,19308,50.83.78.7,FlE/p...,2022-04-21 22:51:43 UTC,/auth/twitter/callback,"Mozilla/5.0 (Windows NT 10.0; Win64; x64) AppleWebKit/537.36 (KHTML, like Gecko) Chrome/102.0.5005.13 Safari/537.36"
629505,rotate,19193,50.83.78.7,26fq8...,2022-04-25 10:02:05 UTC,/t/action-to-open-random-draft/12543,"Mozilla/5.0 (iPhone; CPU iPhone OS 15_5 like Mac OS X) AppleWebKit/605.1.15 (KHTML, like Gecko) Version/15.5 Mobile/15E148 Safari/604.1"
629512,rotate,19193,50.83.78.7,jpDsK...,2022-04-25 11:02:40 UTC,/manifest.webmanifest,"Mozilla/5.0 (iPhone; CPU iPhone OS 15_5 like Mac OS X) AppleWebKit/605.1.15 (KHTML, like Gecko) Version/15.5 Mobile/15E148 Safari/604.1"
629514,rotate,19193,50.83.78.7,OAnzH...,2022-04-25 11:16:49 UTC,/t/12543/posts.json,"Mozilla/5.0 (iPhone; CPU iPhone OS 15_5 like Mac OS X) AppleWebKit/605.1.15 (KHTML, like Gecko) Version/15.5 Mobile/15E148 Safari/604.1"
629517,rotate,19193,50.83.78.7,43HZb...,2022-04-25 11:28:55 UTC,/t/action-to-open-random-draft/12543,"Mozilla/5.0 (iPhone; CPU iPhone OS 15_5 like Mac OS X) AppleWebKit/605.1.15 (KHTML, like Gecko) Version/15.5 Mobile/15E148 Safari/604.1"
629524,rotate,19193,50.83.78.7,wm5ex...,2022-04-25 11:56:18 UTC,/manifest.webmanifest,"Mozilla/5.0 (iPhone; CPU iPhone OS 15_5 like Mac OS X) AppleWebKit/605.1.15 (KHTML, like Gecko) Version/15.5 Mobile/15E148 Safari/604.1"
629585,rotate,19193,50.83.78.7,ed57E...,2022-04-25 16:25:54 UTC,/t/drafts-twitter-client/10491,"Mozilla/5.0 (iPhone; CPU iPhone OS 15_5 like Mac OS X) AppleWebKit/605.1.15 (KHTML, like Gecko) Version/15.5 Mobile/15E148 Safari/604.1"
629611,rotate,19193,50.83.78.7,YnDUN...,2022-04-25 17:56:13 UTC,/t/help-using-the-dynalist-api-with-drafts/6735,"Mozilla/5.0 (iPhone; CPU iPhone OS 15_5 like Mac OS X) AppleWebKit/605.1.15 (KHTML, like Gecko) Version/15.5 Mobile/15E148 Safari/604.1"
629614,rotate,19193,50.83.78.7,0gjR6...,2022-04-25 18:06:55 UTC,/topics/timings,"Mozilla/5.0 (iPhone; CPU iPhone OS 15_5 like Mac OS X) AppleWebKit/605.1.15 (KHTML, like Gecko) Version/15.5 Mobile/15E148 Safari/604.1"
629617,rotate,19193,50.83.78.7,2YmGt...,2022-04-25 18:22:34 UTC,/t/add-text-to-specific-location-in-a-draft/8949,"Mozilla/5.0 (iPhone; CPU iPhone OS 15_5 like Mac OS X) AppleWebKit/605.1.15 (KHTML, like Gecko) Version/15.5 Mobile/15E148 Safari/604.1"
629619,rotate,19193,50.83.78.7,NUHKU...,2022-04-25 18:34:10 UTC,/manifest.webmanifest,"Mozilla/5.0 (iPhone; CPU iPhone OS 15_5 like Mac OS X) AppleWebKit/605.1.15 (KHTML, like Gecko) Version/15.5 Mobile/15E148 Safari/604.1"
629688,rotate,19193,50.83.78.7,a5m7c...,2022-04-26 01:32:05 UTC,/t/http-post-data-in-raw/12424/3,"Mozilla/5.0 (iPhone; CPU iPhone OS 15_5 like Mac OS X) AppleWebKit/605.1.15 (KHTML, like Gecko) Version/15.5 Mobile/15E148 Safari/604.1"
629729,rotate,19193,50.83.78.7,kGyGg...,2022-04-26 06:03:00 UTC,/t/passing-javascript-result-to-callback-url/7392/2,"Mozilla/5.0 (iPhone; CPU iPhone OS 15_5 like Mac OS X) AppleWebKit/605.1.15 (KHTML, like Gecko) Version/15.5 Mobile/15E148 Safari/604.1"
630170,rotate,19308,50.83.78.7,SWpBp...,2022-04-28 01:31:46 UTC,/manifest.webmanifest,"Mozilla/5.0 (Windows NT 10.0; Win64; x64) AppleWebKit/537.36 (KHTML, like Gecko) Chrome/102.0.5005.22 Safari/537.36"
630440,generate,19387,50.83.78.7,RxxRm...,2022-04-29 10:32:46 UTC,/auth/twitter/callback,"Mozilla/5.0 (Macintosh; Intel Mac OS X 10_15_7) AppleWebKit/605.1.15 (KHTML, like Gecko) Version/15.4 Safari/605.1.15"
631258,rotate,19193,146.75.156.0,dSjWD...,2022-05-03 01:00:32 UTC,/t/drafts-and-obsidian-why/10968,"Mozilla/5.0 (iPhone; CPU iPhone OS 15_5 like Mac OS X) AppleWebKit/605.1.15 (KHTML, like Gecko) Version/15.5 Mobile/15E148 Safari/604.1"
631263,rotate,19193,104.28.76.101,Q/g+o...,2022-05-03 01:32:00 UTC,/topics/timings,"Mozilla/5.0 (iPhone; CPU iPhone OS 15_5 like Mac OS X) AppleWebKit/605.1.15 (KHTML, like Gecko) Version/15.5 Mobile/15E148 Safari/604.1"
631264,rotate,19193,104.28.104.20,OxDkd...,2022-05-03 01:33:27 UTC,/t/lost-control-of-group-in-directory-how-to-retrieve-it/4302/2,"Mozilla/5.0 (iPhone; CPU iPhone OS 15_5 like Mac OS X) AppleWebKit/605.1.15 (KHTML, like Gecko) Version/15.5 Mobile/15E148 Safari/604.1"
631271,rotate,19193,146.75.156.1,Wbnxo...,2022-05-03 03:24:56 UTC,/t/lost-control-of-group-in-directory-how-to-retrieve-it/4302/2,"Mozilla/5.0 (iPhone; CPU iPhone OS 15_5 like Mac OS X) AppleWebKit/605.1.15 (KHTML, like Gecko) Version/15.5 Mobile/15E148 Safari/604.1"
631285,rotate,19193,146.75.156.1,J50AY...,2022-05-03 05:52:16 UTC,/t/drafts-and-obsidian-why/10968/2,"Mozilla/5.0 (iPhone; CPU iPhone OS 15_5 like Mac OS X) AppleWebKit/605.1.15 (KHTML, like Gecko) Version/15.5 Mobile/15E148 Safari/604.1"
631329,generate,19424,50.83.78.7,KS2uk...,2022-05-03 08:59:49 UTC,/auth/twitter/callback,"Mozilla/5.0 (Windows NT 10.0; Win64; x64) AppleWebKit/537.36 (KHTML, like Gecko) Chrome/103.0.9999.0 Safari/537.36"
631905,rotate,19387,50.83.78.7,hgaSg...,2022-05-05 04:56:31 UTC,/t/using-notion-with-drafts/12107,"Mozilla/5.0 (Macintosh; Intel Mac OS X 10_15_7) AppleWebKit/605.1.15 (KHTML, like Gecko)"
631952,rotate,19387,50.83.78.7,J8qcq...,2022-05-05 10:15:03 UTC,/t/using-notion-with-drafts/12107,"Mozilla/5.0 (Macintosh; Intel Mac OS X 10_15_7) AppleWebKit/605.1.15 (KHTML, like Gecko)"
632882,rotate,19193,146.75.156.1,FGoEH...,2022-05-09 02:24:07 UTC,/manifest.webmanifest,"Mozilla/5.0 (iPhone; CPU iPhone OS 15_5 like Mac OS X) AppleWebKit/605.1.15 (KHTML, like Gecko) Version/15.5 Mobile/15E148 Safari/604.1"
632915,rotate,19193,146.75.156.0,/NvXD...,2022-05-09 06:28:01 UTC,/t/drafts-32-released-action-bar-color-date-math-template-improvements/12595,"Mozilla/5.0 (iPhone; CPU iPhone OS 15_5 like Mac OS X) AppleWebKit/605.1.15 (KHTML, like Gecko) Version/15.5 Mobile/15E148 Safari/604.1"
633040,rotate,19193,146.75.156.1,DBegN...,2022-05-09 18:10:04 UTC,/t/using-twitter-with-drafts/109,"Mozilla/5.0 (iPhone; CPU iPhone OS 15_5 like Mac OS X) AppleWebKit/605.1.15 (KHTML, like Gecko) Version/15.5 Mobile/15E148 Safari/604.1"
633402,rotate,19424,50.83.78.7,FUhPC...,2022-05-11 00:57:37 UTC,/t/using-twitter-with-drafts/109,"Mozilla/5.0 (Windows NT 10.0; Win64; x64) AppleWebKit/537.36 (KHTML, like Gecko) Chrome/103.0.0.0 Safari/537.36"
633405,rotate,19424,50.83.78.7,o1IJ5...,2022-05-11 01:11:06 UTC,/t/oauth-token-with-credentials-object/1029,"Mozilla/5.0 (Windows NT 10.0; Win64; x64) AppleWebKit/537.36 (KHTML, like Gecko) Chrome/103.0.0.0 Safari/537.36"
633410,rotate,19424,50.83.78.7,Jr+7j...,2022-05-11 01:32:58 UTC,/t/using-twitter-with-drafts/109,"Mozilla/5.0 (Windows NT 10.0; Win64; x64) AppleWebKit/537.36 (KHTML, like Gecko) Chrome/103.0.0.0 Safari/537.36"
633420,rotate,19424,50.83.78.7,w3/jd...,2022-05-11 03:27:41 UTC,/search/query,"Mozilla/5.0 (Windows NT 10.0; Win64; x64) AppleWebKit/537.36 (KHTML, like Gecko) Chrome/103.0.0.0 Safari/537.36"
633425,rotate,19424,50.83.78.7,gqYzh...,2022-05-11 05:19:03 UTC,/t/dropbox-refresh-token-problem/12365/6,"Mozilla/5.0 (Windows NT 10.0; Win64; x64) AppleWebKit/537.36 (KHTML, like Gecko) Chrome/103.0.0.0 Safari/537.36"
633804,rotate,19193,166.205.124.105,VaP4O...,2022-05-12 14:26:18 UTC,/manifest.webmanifest,"Mozilla/5.0 (iPhone; CPU iPhone OS 15_5 like Mac OS X) AppleWebKit/605.1.15 (KHTML, like Gecko) Version/15.5 Mobile/15E148 Safari/604.1"
633808,rotate,19193,166.205.124.105,972kB...,2022-05-12 14:36:18 UTC,/u/blue,"Mozilla/5.0 (iPhone; CPU iPhone OS 15_5 like Mac OS X) AppleWebKit/605.1.15 (KHTML, like Gecko) Version/15.5 Mobile/15E148 Safari/604.1"
636062,rotate,19193,50.83.78.7,O3MAV...,2022-05-21 10:13:14 UTC,/t/draftist-a-drafts-action-group-for-todoist/12674,"Mozilla/5.0 (iPhone; CPU iPhone OS 15_6 like Mac OS X) AppleWebKit/605.1.15 (KHTML, like Gecko) Version/15.5 Mobile/15E148 Safari/604.1"
636128,rotate,19193,50.83.78.7,s3Zsb...,2022-05-21 14:47:02 UTC,/manifest.webmanifest,"Mozilla/5.0 (iPhone; CPU iPhone OS 15_6 like Mac OS X) AppleWebKit/605.1.15 (KHTML, like Gecko) Version/15.5 Mobile/15E148 Safari/604.1"
636243,rotate,19193,50.83.78.7,kz2/g...,2022-05-21 22:49:47 UTC,/t/evernote-and-markdown-trouble-adding-new-line-for-each-append/11110,"Mozilla/5.0 (iPhone; CPU iPhone OS 15_6 like Mac OS X) AppleWebKit/605.1.15 (KHTML, like Gecko) Version/15.5 Mobile/15E148 Safari/604.1"
636766,rotate,19193,50.83.78.7,nkxpb...,2022-05-24 00:39:42 UTC,/manifest.webmanifest,"Mozilla/5.0 (iPhone; CPU iPhone OS 15_6 like Mac OS X) AppleWebKit/605.1.15 (KHTML, like Gecko) Version/15.5 Mobile/15E148 Safari/604.1"
636823,rotate,19387,50.83.78.7,avl5m...,2022-05-24 07:51:36 UTC,/manifest.webmanifest,"Mozilla/5.0 (Macintosh; Intel Mac OS X 10_15_7) AppleWebKit/605.1.15 (KHTML, like Gecko) Version/15.5 Safari/605.1.15"
636964,rotate,19193,50.83.78.7,pN0l5...,2022-05-24 18:40:57 UTC,/manifest.webmanifest,"Mozilla/5.0 (iPhone; CPU iPhone OS 15_6 like Mac OS X) AppleWebKit/605.1.15 (KHTML, like Gecko) Version/15.5 Mobile/15E148 Safari/604.1"
636966,rotate,19193,50.83.78.7,n5w+G...,2022-05-24 18:53:52 UTC,/topics/timings,"Mozilla/5.0 (iPhone; CPU iPhone OS 15_6 like Mac OS X) AppleWebKit/605.1.15 (KHTML, like Gecko) Version/15.5 Mobile/15E148 Safari/604.1"
636967,rotate,19193,50.83.78.7,LJG7A...,2022-05-24 18:54:53 UTC,/topics/timings,"Mozilla/5.0 (iPhone; CPU iPhone OS 15_6 like Mac OS X) AppleWebKit/605.1.15 (KHTML, like Gecko) Version/15.5 Mobile/15E148 Safari/604.1"
636968,rotate,19193,50.83.78.7,1j77j...,2022-05-24 18:56:02 UTC,/topics/timings,"Mozilla/5.0 (iPhone; CPU iPhone OS 15_6 like Mac OS X) AppleWebKit/605.1.15 (KHTML, like Gecko) Version/15.5 Mobile/15E148 Safari/604.1"
646860,rotate,19926,50.83.78.7,9bEc/...,2022-07-14 16:54:07 UTC,/t/question-regarding-tadpoole/12991,"Mozilla/5.0 (Macintosh; Intel Mac OS X 10_15_6) AppleWebKit/605.1.15 (KHTML, like Gecko) Version/15.6 Safari/605.1.15"
647095,generate,20164,50.83.78.7,2NCg8...,2022-07-15 16:42:12 UTC,/auth/twitter/callback,"Mozilla/5.0 (Windows NT 10.0; Win64; x64) AppleWebKit/537.36 (KHTML, like Gecko) Chrome/105.0.0.0 Safari/537.36"
639925,rotate,19193,50.83.78.7,jIoCr...,2022-06-07 00:16:26 UTC,/t/represent-nothing-null-in-actions/12745,"Mozilla/5.0 (iPhone; CPU iPhone OS 16_0 like Mac OS X) AppleWebKit/605.1.15 (KHTML, like Gecko) Version/16.0 Mobile/15E148 Safari/604.1"
646862,rotate,19926,50.83.78.7,F6OaN...,2022-07-14 17:12:24 UTC,/u/Ro136/card.json,"Mozilla/5.0 (Macintosh; Intel Mac OS X 10_15_6) AppleWebKit/605.1.15 (KHTML, like Gecko) Version/15.6 Safari/605.1.15"
646876,rotate,19926,50.83.78.7,13sY4...,2022-07-14 17:43:27 UTC,/t/12992/posts.json,"Mozilla/5.0 (Macintosh; Intel Mac OS X 10_15_6) AppleWebKit/605.1.15 (KHTML, like Gecko) Version/15.6 Safari/605.1.15"
641281,generate,19926,50.83.78.7,Rpndy...,2022-06-15 01:39:12 UTC,/auth/twitter/callback,"Mozilla/5.0 (Macintosh; Intel Mac OS X 10_15_6) AppleWebKit/605.1.15 (KHTML, like Gecko) Version/15.5 Safari/605.1.15"
641319,rotate,19926,50.83.78.7,DF1mC...,2022-06-15 09:39:08 UTC,/manifest.webmanifest,"Mozilla/5.0 (Macintosh; Intel Mac OS X 10_15_6) AppleWebKit/605.1.15 (KHTML, like Gecko) Version/15.6 Safari/605.1.15"
641396,rotate,19926,50.83.78.7,YI1bC...,2022-06-15 18:11:50 UTC,/t/arrange-across-drafts-in-ios-split-view/5613,"Mozilla/5.0 (Macintosh; Intel Mac OS X 10_15_6) AppleWebKit/605.1.15 (KHTML, like Gecko) Version/15.6 Safari/605.1.15"
644233,rotate,19926,50.83.78.7,3nuQ4...,2022-07-01 17:16:48 UTC,/manifest.webmanifest,"Mozilla/5.0 (Macintosh; Intel Mac OS X 10_15_6) AppleWebKit/605.1.15 (KHTML, like Gecko) Version/15.6 Safari/605.1.15"
644248,rotate,19926,50.83.78.7,fJU6W...,2022-07-01 18:28:32 UTC,/topics/timings,"Mozilla/5.0 (Macintosh; Intel Mac OS X 10_15_6) AppleWebKit/605.1.15 (KHTML, like Gecko) Version/15.6 Safari/605.1.15"
644372,rotate,19926,107.122.93.11,PF2Ft...,2022-07-02 16:43:11 UTC,/t/using-textexpander-with-drafts/5030,"Mozilla/5.0 (Macintosh; Intel Mac OS X 10_15_6) AppleWebKit/605.1.15 (KHTML, like Gecko) Version/15.6 Safari/605.1.15"
647021,rotate,19926,50.83.78.7,pFD3w...,2022-07-15 10:00:54 UTC,/t/using-notion-with-drafts/12107,"Mozilla/5.0 (Macintosh; Intel Mac OS X 10_15_6) AppleWebKit/605.1.15 (KHTML, like Gecko) Version/15.6 Safari/605.1.15"
